URL, Score, First Contentful Paint, First Interactive
<KeyError> & <NameError> Failing because of nonexistant Key ~ https://www.example.com.
<KeyError> & <NameError> Failing because of nonexistant Key ~ https://www.example.com.
<KeyError> & <NameError> Failing because of nonexistant Key ~ https://www.example.com.
<KeyError> & <NameError> Failing because of nonexistant Key ~ https://www.example.com.
<KeyError> & <NameError> Failing because of nonexistant Key ~ https://www.example.com.
<KeyError> & <NameError> Failing because of nonexistant Key ~ https://www.example.com.
<KeyError> & <NameError> Failing because of nonexistant Key ~ https://www.example.com.
<KeyError> & <NameError> Failing because of nonexistant Key ~ https://www.example.com.
<KeyError> & <NameError> Failing because of nonexistant Key ~ https://www.example.com.
<KeyError> & <NameError> Failing because of nonexistant Key ~ https://www.example.com.
